Conversation ID,Timestamp,Sender,Message
1,2025-10-07 10:15:12,User B,"""Hey, did you see the client's feedback on the mockups?"""
1,2025-10-07 10:15:45,User A,"""Just saw it. They want a lot of changes to the color scheme."""
1,2025-10-07 10:16:05,User B,"""Yeah, that's what I was thinking. It's a big shift from the original brief."""
1,2025-10-07 10:16:38,User A,"""I'll start on the revisions. Can you update the project timeline?"""
1,2025-10-07 10:17:01,User B,"""Will do. I'll block out the rest of the week for it."""
2,2025-10-07 10:20:19,User B,"""Any plans for Saturday?"""
2,2025-10-07 10:20:41,User A,"""Not yet, was thinking of heading to the new bookstore in Swaroop Nagar."""
2,2025-10-07 10:21:03,User B,"""Oh, the one near the park? I heard it's great."""
2,2025-10-07 10:21:25,User A,"""Yeah, that's the one. Want to join?"""
2,2025-10-07 10:21:39,User B,"""Sounds good! What time?"""
2,2025-10-07 10:22:00,User A,"""How about around 3 PM?"""
3,2025-10-07 10:25:05,User A,"""Are you free? My laptop just went blank."""
3,2025-10-07 10:25:21,User B,"""Oh no. Did you try a hard reboot?"""
3,2025-10-07 10:25:48,User A,"""Tried it twice. Nothing."""
3,2025-10-07 10:26:10,User B,"""Okay, try connecting it to an external monitor. Maybe the display is the issue."""
3,2025-10-07 10:26:33,User A,"""Good idea, let me find a cable."""
3,2025-10-07 10:26:59,User B,"""Let me know if that works. If not, we might have to call IT."""
4,2025-10-07 10:28:15,User A,"""Finally watched that new sci-fi movie everyone's talking about."""
4,2025-10-07 10:28:44,User B,"""Nice! What did you think? I loved the visuals."""
4,2025-10-07 10:29:11,User A,"""Visuals were amazing, but the plot was a bit predictable for me."""
4,2025-10-07 10:29:50,User B,"""I can see that. The ending felt a bit rushed. Still a fun watch though."""
4,2025-10-07 10:30:17,User A,"""Definitely. Worth it just for the big screen experience."""